Player,Avg,Net Avg,Net Yds,Punts,Lng,Yds,IN 20,OOB,Dn,TB,FC,Ret,RetY,TD,P Blk
Kasey Redfern,50.0,50.0,50,1,50,50,0,0,0,0,0,1,0,0,0
Brett Kern,49.7,44.6,3342,75,74,3728,28,16,5,5,9,40,286,0,0
Shane Lechler,49.0,41.3,3799,92,68,4507,32,8,8,5,22,49,608,1,0
Drew Kaser,48.1,41.3,3059,74,69,3558,27,4,7,9,6,48,319,0,0
Johnny Hekker,47.9,44.3,2881,65,70,3113,30,16,8,4,12,25,152,0,0
Britton Colquitt,47.6,41.1,3289,80,67,3811,24,5,15,2,13,45,482,0,1
Marquette King,47.4,42.7,2945,69,65,3270,28,6,10,6,15,32,205,0,0
Andy Lee,47.3,39.7,3493,88,63,4159,29,6,13,8,13,48,506,0,0
Thomas Morstead,47.0,42.2,2533,60,68,2822,26,7,9,2,18,24,249,1,0
Pat O'Donnell,47.0,39.7,3455,87,69,4087,27,8,9,6,15,49,512,1,0
Kevin Huber,46.6,41.3,3631,88,63,4101,32,7,12,3,23,43,410,1,1
Lachlan Edwards,46.6,40.5,3807,94,70,4378,33,8,10,4,23,49,491,1,0
Michael Palardy,46.0,42.4,3013,71,63,3269,25,6,10,4,21,30,176,0,0
Tress Way,45.7,39.0,3239,83,64,3794,33,5,7,6,26,39,435,1,0
Riley Dixon,45.6,41.3,3013,73,60,3331,23,5,12,3,23,30,258,1,2
Donnie Jones,45.3,41.2,2762,67,62,3033,21,7,16,5,14,25,171,0,1
Jeff Locke,45.3,42.2,1140,27,54,1222,11,3,2,0,11,11,82,0,0
Dustin Colquitt,45.2,41.1,2672,65,77,2936,29,5,9,5,22,24,164,0,0
Jon Ryan,45.0,38.8,3569,92,74,4141,29,10,12,6,19,45,452,0,0
Matt Bosher,44.9,40.8,2160,53,62,2379,19,4,3,2,22,22,179,0,0
Sam Koch,44.8,40.8,3428,84,67,3765,40,16,13,3,18,34,277,0,1
Rigoberto Sanchez,44.8,43.1,3624,84,61,3764,28,16,19,3,27,19,80,0,1
Colton Schmidt,44.7,40.5,3199,79,60,3529,28,10,9,6,16,38,210,0,0
Matt Haack,44.5,40.7,3375,83,64,3695,30,6,17,5,20,35,220,0,0
Justin Vogel,44.4,41.6,2951,71,62,3155,19,8,8,2,24,29,164,0,0
Brad Wing,44.1,37.5,3561,95,69,4189,19,7,16,9,20,43,448,1,2
Brad Nortman,44.1,39.4,3427,87,65,3835,29,15,8,9,25,30,228,0,1
Chris Jones,44.1,41.4,2733,66,62,2908,34,9,14,5,20,18,75,0,0
Bryan Anger,44.0,40.1,2604,65,62,2857,24,5,7,5,21,27,153,0,1
Bradley Pinion,43.4,41.3,3097,75,59,3255,31,8,10,1,23,33,138,1,0
Sam Martin,43.4,37.6,1543,41,64,1779,13,5,4,6,12,14,116,0,0
Ryan Allen,43.4,40.5,2350,58,60,2515,24,5,13,3,14,23,105,0,0
Jordan Berry,43.2,39.8,2546,64,62,2763,26,9,6,2,24,23,177,0,0
Ryan Quigley,42.2,39.2,2781,71,56,2994,29,7,7,0,33,24,213,1,0
Matt Prater,34.8,34.8,139,4,47,139,1,0,2,0,2,0,0,0,0
Brandon McManus,26.0,26.0,26,1,26,26,1,0,1,0,0,0,0,0,0
Zane Gonzalez,16.0,16.0,16,1,16,16,0,1,0,0,0,0,0,0,0
